,City,Lat,Lng,Max Temp,Humidity,Cloudiness,Wind Speed,Country,Weather Condition
0,Nanortalik,60.1432,-45.2371,35.17,82,88,8.19,GL,overcast clouds
1,Arraial Do Cabo,-22.9661,-42.0278,68.92,89,100,17.52,BR,overcast clouds
2,College,64.8569,-147.8028,19.72,90,90,4.61,US,overcast clouds
3,Norman Wells,65.282,-126.8329,24.84,93,90,2.3,CA,light snow
4,Ribeira Grande,38.5167,-28.7,69.53,90,81,13.73,PT,broken clouds
5,Waingapu,-9.6567,120.2641,87.67,62,3,8.12,ID,clear sky
6,Kodiak,57.79,-152.4072,44.28,81,90,17.27,US,moderate rain
7,Bonthe,7.5264,-12.505,76.77,87,100,7.16,SL,moderate rain
8,Hobart,-42.8794,147.3294,55.26,62,75,1.01,AU,broken clouds
9,Tecoanapa,16.5167,-98.75,80.47,82,6,6.71,MX,clear sky
10,Namikupa,-10.8333,39.6,66.56,93,80,2.35,TZ,broken clouds
11,East London,-33.0153,27.9116,63.59,67,4,14.7,ZA,clear sky
12,Itoman,26.1247,127.6694,80.62,57,75,4.61,JP,broken clouds
13,Carlagan,14.975,122.0456,81.37,76,83,15.86,PH,broken clouds
14,Butaritari,3.0707,172.7902,83.28,68,4,16.2,KI,clear sky
15,Ushuaia,-54.8,-68.3,42.46,56,20,24.16,AR,few clouds
16,Puerto Ayora,-0.7393,-90.3518,69.69,91,73,8.55,EC,broken clouds
17,Atherton,53.5237,-2.4935,51.3,87,100,8.01,GB,overcast clouds
18,Qaanaaq,77.484,-69.3632,13.03,65,99,8.77,GL,overcast clouds
19,Busselton,-33.65,115.3333,63.05,54,6,5.7,AU,clear sky
20,Albany,42.6001,-73.9662,48.61,76,90,3.0,US,overcast clouds
21,Kapaa,22.0752,-159.319,80.58,83,20,3.0,US,few clouds
22,Rikitea,-23.1203,-134.9692,75.54,81,100,15.68,PF,overcast clouds
23,Chuy,-33.6971,-53.4616,64.36,90,24,12.08,UY,few clouds
24,Kahului,20.8947,-156.47,84.22,68,20,16.11,US,few clouds
25,Juneau,58.3019,-134.4197,43.21,93,75,5.75,US,light rain
26,Aklavik,68.2191,-135.0107,25.63,98,85,3.87,CA,overcast clouds
27,Ancud,-41.8697,-73.8203,45.93,84,13,8.88,CL,few clouds
28,Jutai,-5.1833,-68.9,77.2,79,89,1.23,BR,overcast clouds
29,Kaeo,-35.1,173.7833,70.32,78,100,11.61,NZ,overcast clouds
30,Maniitsoq,65.4167,-52.9,32.49,80,100,13.18,GL,overcast clouds
31,Codrington,-38.2667,141.9667,56.53,61,30,17.11,AU,scattered clouds
32,La Ronge,55.1001,-105.2842,37.62,48,20,5.75,CA,few clouds
33,Carutapera,-1.195,-46.02,75.36,91,86,5.19,BR,light rain
34,Hermanus,-34.4187,19.2345,58.89,86,68,0.56,ZA,broken clouds
35,Acapulco,16.8634,-99.8901,84.02,79,20,4.61,MX,few clouds
36,Cacequi,-29.8836,-54.825,68.83,78,0,12.91,BR,clear sky
37,Puerto Escondido,15.85,-97.0667,80.89,84,54,3.62,MX,broken clouds
38,Jiaonan,35.8786,119.9753,59.02,55,0,5.95,CN,clear sky
39,Yellowknife,62.456,-114.3525,32.41,94,40,10.36,CA,scattered clouds
40,Lebu,-37.6167,-73.65,54.07,88,85,18.32,CL,overcast clouds
41,Vaini,-21.2,-175.2,71.76,94,75,10.36,TO,broken clouds
42,Carthage,36.8611,10.3316,60.33,88,20,2.3,TN,few clouds
43,Bredasdorp,-34.5322,20.0403,58.32,88,100,5.75,ZA,overcast clouds
44,Nikolskoye,59.7035,30.7861,49.01,92,52,8.59,RU,broken clouds
45,Dikson,73.5069,80.5464,6.49,89,100,16.04,RU,overcast clouds
46,Naryan-Mar,67.6713,53.087,15.6,81,100,10.11,RU,overcast clouds
47,Bluff,-46.6,168.3333,63.18,65,90,5.46,NZ,overcast clouds
48,Hithadhoo,-0.6,73.0833,83.68,71,99,14.85,MV,overcast clouds
49,Egvekinot,66.3167,-179.1667,-0.11,92,94,3.53,RU,overcast clouds
50,Cape Town,-33.9258,18.4232,63.09,83,75,1.99,ZA,broken clouds
51,San Jeronimo,-11.9472,-75.2829,51.8,74,51,3.36,PE,broken clouds
52,Acarau,-2.8856,-40.12,79.14,78,61,7.27,BR,broken clouds
53,Avarua,-21.2078,-159.775,77.05,65,75,10.36,CK,broken clouds
54,Aljezur,37.3191,-8.8033,68.49,93,100,18.79,PT,overcast clouds
55,Port Elizabeth,-33.918,25.5701,62.1,82,75,16.11,ZA,broken clouds
56,Sawtell,-30.3833,153.1,80.92,71,90,13.8,AU,overcast clouds
57,Lamar,33.6668,-95.5836,58.35,69,1,5.75,US,clear sky
58,Saint-Philippe,-21.3585,55.7679,69.48,82,55,8.25,RE,broken clouds
59,Punta Arenas,-53.15,-70.9167,44.11,65,3,8.61,CL,clear sky
60,Bokovskaya,49.229,41.8306,39.09,82,1,0.51,RU,clear sky
61,Taoudenni,22.6783,-3.9836,79.77,17,87,8.37,ML,overcast clouds
62,Laguna,38.421,-121.4238,73.24,75,1,3.44,US,clear sky
63,Khandbari,27.3747,87.2039,65.21,69,24,0.4,NP,few clouds
64,Coahuayana,18.7333,-103.6833,78.15,89,39,0.69,MX,scattered clouds
65,Barrow,71.2906,-156.7887,-0.38,78,1,10.36,US,clear sky
66,Mataura,-46.1927,168.8643,74.5,38,57,5.01,NZ,broken clouds
67,Adrar,20.5022,-10.0711,76.06,23,100,8.52,MR,overcast clouds
68,Bambous Virieux,-20.3428,57.7575,71.85,94,75,3.44,MU,broken clouds
69,Znamenka,52.4167,41.4311,38.19,89,44,7.38,RU,scattered clouds
70,Mahebourg,-20.4081,57.7,71.89,94,75,3.44,MU,broken clouds
71,Harlingen,26.1906,-97.6961,73.06,34,1,4.61,US,clear sky
72,Durban,-29.8579,31.0292,68.92,95,66,10.0,ZA,broken clouds
73,Tiksi,71.6872,128.8694,0.27,95,100,7.74,RU,overcast clouds
74,Ponta Do Sol,32.6667,-17.1,70.72,71,31,8.88,PT,scattered clouds
75,Kavieng,-2.5744,150.7967,85.78,67,86,8.03,PG,light rain
76,Samarai,-10.6167,150.6667,85.24,73,11,12.44,PG,few clouds
77,Ust-Kuyga,70.0167,135.6,7.21,97,100,3.13,RU,overcast clouds
78,Lavrentiya,65.5833,-171.0,16.86,80,100,5.5,RU,overcast clouds
79,Pisco,-13.7,-76.2167,62.65,82,0,14.97,PE,clear sky
80,Zhob,31.3411,69.4481,54.93,29,0,4.12,PK,clear sky
81,Castro,-24.7911,-50.0119,60.58,93,97,10.0,BR,light rain
82,Pistsovo,57.179,40.5298,45.7,92,100,12.1,RU,overcast clouds
83,Alofi,-19.0595,-169.9187,82.29,47,100,17.27,NU,overcast clouds
84,Nyurba,63.2842,118.3319,11.93,86,19,3.38,RU,few clouds
85,Monte Patria,-30.6919,-70.9467,67.69,54,0,1.32,CL,clear sky
86,Ahipara,-35.1667,173.1667,63.66,81,100,14.05,NZ,overcast clouds
87,Faanui,-16.4833,-151.75,78.76,74,11,16.44,PF,few clouds
88,Clyde River,70.4692,-68.5914,26.02,95,100,4.09,CA,overcast clouds
89,Airai,-8.9266,125.4092,78.28,42,97,1.68,TL,overcast clouds
90,Lompoc,34.6391,-120.4579,71.78,94,75,10.36,US,mist
91,Namibe,-15.1961,12.1522,65.88,85,57,2.73,AO,broken clouds
92,Viedma,-40.8135,-62.9967,68.9,80,100,22.57,AR,light rain
93,Licheng,23.2955,113.8284,66.13,81,100,4.09,CN,light rain
94,Esperance,-33.8667,121.9,62.44,53,0,4.29,AU,clear sky
95,Tubuala,9.5167,-79.0333,77.32,85,100,8.93,PA,overcast clouds
96,Sao Jose Da Coroa Grande,-8.8978,-35.1478,75.16,73,25,8.52,BR,scattered clouds
97,Biak,-0.9131,122.8766,84.99,63,99,1.28,ID,overcast clouds
98,Diapaga,12.0708,1.7889,79.57,34,98,4.97,BF,overcast clouds
99,Bengkulu,-3.8004,102.2655,83.16,72,91,2.53,ID,overcast clouds
100,Jamestown,42.097,-79.2353,47.52,92,90,5.01,US,light rain
101,Kaitangata,-46.2817,169.8464,67.35,58,26,14.65,NZ,scattered clouds
102,Dunedin,-45.8742,170.5036,59.81,90,33,11.01,NZ,scattered clouds
103,Oyem,1.5995,11.5793,66.81,99,97,0.4,GA,overcast clouds
104,Elizabethtown,37.694,-85.8591,57.07,97,90,3.44,US,drizzle
105,Seoul,37.5683,126.9778,58.57,56,0,9.22,KR,light rain
106,Hilo,19.7297,-155.09,86.29,69,1,5.75,US,clear sky
107,Victoria,22.2855,114.1577,77.38,84,97,1.99,HK,overcast clouds
108,Carnarvon,-24.8667,113.6333,80.67,22,0,17.27,AU,clear sky
109,Coihaique,-45.5752,-72.0662,42.75,52,0,3.44,CL,clear sky
110,Halifax,44.6453,-63.5724,44.6,92,6,1.99,CA,clear sky
111,Bulawayo,-20.15,28.5833,64.31,54,1,4.16,ZW,clear sky
112,Bonavista,48.6499,-53.1147,40.12,88,37,10.42,CA,scattered clouds
113,Saskylakh,71.9167,114.0833,-8.18,96,99,9.26,RU,overcast clouds
114,Northam,51.0333,-4.2167,56.82,91,100,16.13,GB,heavy intensity rain
115,Tessalit,20.1986,1.0114,78.94,26,37,10.38,ML,scattered clouds
116,Merauke,-8.4667,140.3333,85.5,67,100,11.56,ID,overcast clouds
117,Port Hedland,-20.3167,118.5667,82.45,54,14,6.91,AU,few clouds
118,Ierapetra,35.01,25.7353,65.14,72,79,10.0,GR,broken clouds
119,Constitucion,-35.3333,-72.4167,57.96,69,100,12.19,CL,overcast clouds
120,Ongwediva,-17.7833,15.7667,77.43,31,97,9.44,NA,overcast clouds
121,Pundaguitan,6.3711,126.1689,82.45,76,33,4.97,PH,scattered clouds
122,Fortuna,40.5982,-124.1573,60.93,72,90,8.05,US,overcast clouds
123,Katangi,23.45,79.7833,63.09,54,13,1.61,IN,few clouds
124,Urubicha,-15.3833,-62.95,77.5,66,45,1.74,BO,scattered clouds
125,Vangaindrano,-23.35,47.6,65.21,82,93,3.47,MG,overcast clouds
126,Sicamous,50.8331,-118.9856,45.59,97,64,1.5,CA,broken clouds
127,Vila Do Conde,41.3548,-8.7434,63.07,94,40,8.05,PT,scattered clouds
128,Leningradskiy,69.3833,178.4167,-10.26,93,20,4.54,RU,few clouds
129,Navsari,20.9524,72.9324,69.69,55,100,9.31,IN,overcast clouds
130,Vardo,70.3705,31.1107,37.33,77,6,21.61,NO,clear sky
131,Bilibino,68.0546,166.4372,-9.2,89,91,3.11,RU,overcast clouds
132,Dibulla,11.2725,-73.3091,78.44,88,100,4.54,CO,overcast clouds
133,Luwuk,-0.9516,122.7875,87.66,63,98,2.82,ID,overcast clouds
134,Hirara,24.8,125.2833,80.46,65,40,6.91,JP,scattered clouds
135,Aguimes,27.9054,-15.4461,65.03,67,40,10.36,ES,scattered clouds
136,Bandarbeyla,9.4942,50.8122,77.29,79,42,11.65,SO,light rain
137,Awjilah,29.1081,21.2869,66.16,77,0,8.32,LY,clear sky
138,Severo-Kurilsk,50.6789,156.125,42.13,81,80,17.4,RU,broken clouds
139,Oranjemund,-28.55,16.4333,58.1,85,0,6.58,NA,clear sky
140,Wakkanai,45.4094,141.6739,48.18,71,0,6.91,JP,clear sky
141,Clarence Town,-32.5833,151.7833,67.91,68,87,9.55,AU,overcast clouds
142,Ust-Barguzin,53.45,108.9833,29.07,52,18,4.52,RU,few clouds
143,Kousseri,12.0769,15.0306,75.16,33,82,2.3,CM,broken clouds
144,Tuktoyaktuk,69.4541,-133.0374,24.8,100,90,6.91,CA,light snow
145,Lagoa,39.05,-27.9833,68.5,87,92,22.28,PT,overcast clouds
146,Saint-Augustin,51.226,-58.6502,40.91,51,0,2.44,CA,clear sky
147,Klaksvik,62.2266,-6.589,43.72,82,100,10.74,FO,overcast clouds
148,Nome,64.5011,-165.4064,23.16,80,20,8.05,US,few clouds
149,Boa Vista,2.8197,-60.6733,84.18,65,20,2.3,BR,few clouds
150,Provideniya,64.3833,-173.3,13.19,67,83,3.15,RU,broken clouds
151,Port Hardy,50.6996,-127.4199,46.4,75,1,8.05,CA,clear sky
152,Margate,51.3813,1.3862,56.91,86,100,4.0,GB,overcast clouds
153,Kieta,-6.2167,155.6333,84.97,73,100,8.21,PG,moderate rain
154,Mar Del Plata,-38.0023,-57.5575,61.88,95,20,15.01,AR,few clouds
155,Chara,56.9064,118.2631,15.8,49,52,2.1,RU,broken clouds
156,Mporokoso,-9.3727,30.125,66.69,66,59,2.39,ZM,broken clouds
157,Puerto Ayacucho,5.6639,-67.6236,76.39,92,100,0.72,VE,overcast clouds
158,Itarema,-2.9248,-39.9167,78.44,80,35,6.78,BR,scattered clouds
159,Gra Liyia,35.0167,25.6833,65.12,72,83,10.0,GR,broken clouds
160,Tasiilaq,65.6145,-37.6368,26.76,69,25,8.34,GL,scattered clouds
161,Salalah,17.0151,54.0924,77.09,61,0,5.75,OM,clear sky
162,New Norfolk,-42.7826,147.0587,55.92,59,53,3.0,AU,broken clouds
163,Templemore,52.7947,-7.8339,42.73,94,29,5.55,IE,scattered clouds
164,Ambunti,-4.2365,142.8448,90.72,61,90,1.34,PG,overcast clouds
165,Torbay,47.6666,-52.7314,40.39,93,90,13.8,CA,light intensity drizzle
166,Palmer,42.1584,-72.3287,48.99,72,90,4.0,US,overcast clouds
167,Sofiyivka,48.0493,33.8746,35.76,75,0,6.55,UA,clear sky
168,Khatanga,71.9667,102.5,6.87,85,100,8.61,RU,overcast clouds
169,Yankton,42.8711,-97.3973,50.25,57,1,0.0,US,clear sky
170,Carballo,43.213,-8.691,57.9,95,100,4.47,ES,overcast clouds
171,Atuona,-9.8,-139.0333,77.67,70,7,12.37,PF,clear sky
172,Agirish,61.9247,63.0231,16.25,83,68,6.38,RU,broken clouds
173,Eureka,40.8021,-124.1637,61.2,76,97,1.01,US,overcast clouds
174,Bethel,41.3712,-73.414,54.48,79,90,5.99,US,overcast clouds
175,Salinopolis,-0.6136,-47.3561,78.13,84,56,8.9,BR,broken clouds
176,Buchanan,5.8808,-10.0467,75.97,91,100,5.84,LR,moderate rain
177,Touros,-5.1989,-35.4608,77.9,77,32,12.84,BR,scattered clouds
178,Pacific Grove,36.6177,-121.9166,70.0,89,20,1.99,US,few clouds
179,Kiunga,-6.1219,141.2906,83.05,82,82,1.12,PG,broken clouds
180,Gusinoye Ozero,51.1144,106.2614,31.35,45,10,3.83,RU,clear sky
181,Bernal,-5.45,-80.75,67.51,72,49,13.15,PE,scattered clouds
182,Cockburn Town,21.4612,-71.1419,82.53,68,32,12.08,TC,scattered clouds
183,Hasaki,35.7333,140.8333,64.29,44,0,2.01,JP,clear sky
184,Bakhmach,51.1808,32.7569,42.01,89,4,6.49,UA,clear sky
185,Ambon,-3.6954,128.1814,86.14,70,20,4.61,ID,few clouds
186,Amapa,1.0,-52.0,73.38,89,30,2.46,BR,scattered clouds
187,Mayuge,0.4597,33.4803,65.08,80,92,1.03,UG,overcast clouds
188,Nanpiao,41.0982,120.7479,60.58,50,1,4.94,CN,clear sky
189,Sitka,57.0531,-135.33,42.69,75,90,10.36,US,light rain
190,San Cristobal,7.7669,-72.225,71.78,98,100,1.88,VE,overcast clouds
191,Rawson,-43.3002,-65.1023,62.51,42,3,14.07,AR,clear sky
192,Deputatskiy,69.3,139.9,7.52,90,100,6.67,RU,overcast clouds
193,Petauke,-14.2426,31.3253,62.44,56,80,1.61,ZM,broken clouds
194,Naze,28.3667,129.4833,74.32,59,87,9.8,JP,overcast clouds
195,Asau,46.4333,26.4,40.28,91,0,2.13,RO,clear sky
196,Olafsvik,64.8945,-23.7142,39.99,91,100,27.89,IS,overcast clouds
197,Longyearbyen,78.2186,15.6401,26.44,63,40,11.5,SJ,scattered clouds
198,Georgetown,5.4112,100.3354,84.88,79,20,5.01,MY,few clouds
199,Tuatapere,-46.1333,167.6833,69.73,47,100,9.48,NZ,light rain
200,Hargeysa,9.56,44.065,59.85,93,59,11.03,SO,broken clouds
201,Pitimbu,-7.4706,-34.8086,77.59,73,69,14.52,BR,broken clouds
202,Cabedelo,-6.9811,-34.8339,77.67,75,94,15.52,BR,overcast clouds
203,Skelleftea,64.7507,20.9528,37.0,69,90,1.14,SE,mist
204,Santa Cruz,-17.8,-63.1667,80.06,69,35,6.91,BO,scattered clouds
205,Ginda,30.6945,78.4932,49.01,34,0,5.79,IN,clear sky
206,Reynosa,26.0833,-98.2833,75.04,34,1,4.61,MX,clear sky
207,Erenhot,43.6475,111.9767,38.77,52,99,14.07,CN,overcast clouds
208,Nanakuli,21.3906,-158.1547,85.37,57,40,8.05,US,scattered clouds
209,Miandrivazo,-19.5167,45.4667,73.94,68,87,2.86,MG,overcast clouds
210,Cayenne,4.9333,-52.3333,82.09,80,75,3.0,GF,broken clouds
211,Pangnirtung,66.1451,-65.7125,33.37,98,100,6.06,CA,snow
212,Katsuura,35.1333,140.3,62.71,51,36,4.43,JP,scattered clouds
213,Pevek,69.7008,170.3133,0.57,91,100,3.74,RU,overcast clouds
214,Karratha,-20.7377,116.8463,84.36,23,0,14.2,AU,clear sky
215,Sebezh,56.2955,28.4654,46.44,93,36,8.55,RU,scattered clouds
216,Altay,47.8667,88.1167,36.66,61,33,5.03,CN,scattered clouds
217,Cherskiy,68.75,161.3,-9.38,95,100,0.87,RU,overcast clouds
218,Pincher Creek,49.4833,-113.952,32.11,97,90,9.22,CA,light snow
219,Ende,-8.8432,121.6623,87.31,66,33,3.87,ID,scattered clouds
220,Okhotsk,59.3833,143.3,19.81,64,0,18.48,RU,clear sky
221,Hualmay,-11.0964,-77.6139,63.61,84,48,9.17,PE,scattered clouds
222,Hamilton,39.1834,-84.5333,57.76,97,90,3.44,US,light rain
223,Montepuez,-13.1256,38.9997,64.85,85,12,4.0,MZ,few clouds
224,Port Alfred,-33.5906,26.891,60.64,80,17,12.93,ZA,few clouds
225,Kangaatsiaq,68.3065,-53.4641,32.2,96,100,14.54,GL,light snow
226,Bathsheba,13.2167,-59.5167,79.41,73,20,11.5,BB,few clouds
227,Tchaourou,8.8865,2.5975,73.99,84,95,4.5,BJ,overcast clouds
228,Polis,35.0367,32.4264,60.62,44,36,6.29,CY,scattered clouds
229,Banda Aceh,5.5577,95.3222,75.22,94,100,8.41,ID,overcast clouds
230,Ennis,52.8436,-8.9864,44.53,87,20,6.91,IE,few clouds
231,Aktash,50.3,87.7333,19.38,72,28,4.94,RU,scattered clouds
232,Lakes Entrance,-37.8811,147.981,62.17,41,46,9.6,AU,scattered clouds
233,Broken Hill,-31.95,141.4333,60.51,36,0,12.66,AU,clear sky
234,Manching,48.7166,11.4939,39.61,96,54,3.44,DE,broken clouds
235,Otukpo,7.1913,8.1329,73.87,82,99,4.59,NG,overcast clouds
236,Waterboro,43.5356,-70.7151,48.31,88,40,3.44,US,scattered clouds
237,Leh,34.1667,77.5833,25.23,62,45,2.66,IN,scattered clouds
238,Nhulunbuy,-12.2333,136.7667,90.21,55,40,10.36,AU,scattered clouds
239,Sao Filipe,14.8961,-24.4956,78.35,75,99,8.39,CV,overcast clouds
240,Hofn,64.2539,-15.2082,44.01,86,100,12.82,IS,overcast clouds
241,Riyadh,24.6877,46.7219,71.74,34,98,8.88,SA,overcast clouds
242,Victoria Point,-27.5833,153.3,92.48,55,12,1.99,AU,few clouds
243,Namatanai,-3.6667,152.4333,86.2,67,97,6.26,PG,light rain
244,Antsla,57.8256,26.5406,46.15,93,97,7.4,EE,overcast clouds
245,Garowe,8.4054,48.4845,68.22,76,2,4.97,SO,clear sky
246,Dingle,10.9995,122.6711,81.27,81,100,11.23,PH,light rain
247,Glasgow,55.8652,-4.2576,49.03,94,75,1.01,GB,heavy intensity rain
248,Noumea,-22.2763,166.4572,84.18,99,17,10.13,NC,few clouds
249,Tucuman,-26.8241,-65.2226,78.8,57,100,19.57,AR,overcast clouds
250,Port Macquarie,-31.4333,152.9167,74.89,76,93,9.62,AU,overcast clouds
251,Aborlan,9.4352,118.5492,84.9,75,86,9.17,PH,overcast clouds
252,Manikganj,23.8553,90.0125,78.78,66,38,10.2,BD,moderate rain
253,Ulcinj,41.9294,19.2244,44.82,59,0,6.08,ME,clear sky
254,Svetlaya,46.5389,138.3297,51.4,50,0,5.93,RU,clear sky
255,Luau,-10.7073,22.2247,65.82,96,100,2.82,AO,overcast clouds
256,Toamasina,-18.1667,49.3833,68.0,94,75,3.44,MG,light rain
257,Katherine,-14.4667,132.2667,93.52,46,48,9.22,AU,scattered clouds
258,Wanning,18.8003,110.3967,78.48,87,68,8.68,CN,broken clouds
259,Thompson,55.7435,-97.8558,39.36,81,75,5.75,CA,broken clouds
260,Curuguaty,-24.4694,-55.6945,68.16,95,48,3.49,PY,scattered clouds
261,Emerald,-23.5333,148.1667,90.34,33,89,5.75,AU,overcast clouds
262,Baruun-Urt,46.6806,113.2792,29.84,44,100,15.03,MN,overcast clouds
263,Kharp,66.8014,65.8081,7.65,91,98,8.1,RU,overcast clouds
264,Kommunar,59.6206,30.39,48.51,92,53,9.46,RU,broken clouds
265,Lumby,50.2498,-118.969,41.85,65,53,4.61,CA,broken clouds
266,Pedasi,7.5333,-80.0333,77.07,87,100,6.6,PA,overcast clouds
267,Nexo,55.0607,15.1306,51.89,75,56,17.11,DK,broken clouds
268,Luderitz,-26.6481,15.1594,58.96,78,0,7.65,NA,clear sky
269,Kruisfontein,-34.0033,24.7314,59.88,84,3,16.55,ZA,clear sky
270,North Bend,43.4065,-124.2243,54.91,93,90,11.5,US,light rain
271,Nianzishan,47.5167,122.8833,39.4,50,100,20.15,CN,overcast clouds
272,Vila Franca Do Campo,37.7167,-25.4333,73.2,92,80,19.04,PT,broken clouds
273,La Colorada,8.0167,-80.9833,73.8,96,100,5.23,PA,overcast clouds
274,Vao,-22.6667,167.4833,71.55,70,19,7.65,NC,few clouds
275,Ilulissat,69.2167,-51.1,24.82,80,20,2.3,GL,few clouds
276,Aksarka,66.5606,67.7975,7.38,94,98,4.16,RU,overcast clouds
277,Port Shepstone,-30.7414,30.455,65.3,88,100,20.09,ZA,light rain
278,Vysotsk,60.6288,28.5705,47.86,91,57,14.9,RU,broken clouds
279,Maraa,-1.8333,-65.3667,76.48,84,82,0.94,BR,broken clouds
280,Saint George,37.1041,-113.5841,72.19,40,1,1.99,US,clear sky
281,Alta Floresta,-9.8756,-56.0861,72.59,86,24,3.67,BR,few clouds
282,Hun,29.1268,15.9477,65.39,38,0,3.36,LY,clear sky
283,Isangel,-19.55,169.2667,82.51,78,75,5.75,VU,broken clouds
284,Los Llanos De Aridane,28.6585,-17.9182,64.15,81,0,7.0,ES,clear sky
285,Hami,42.8,93.45,51.49,37,93,2.28,CN,overcast clouds
286,Kozhva,65.1073,57.0459,17.15,89,100,7.81,RU,overcast clouds
287,Meulaboh,4.1363,96.1285,76.14,92,100,2.42,ID,overcast clouds
288,Shingu,33.7333,135.9833,67.19,63,98,2.8,JP,overcast clouds
289,Suluq,31.6682,20.2521,65.79,78,1,6.06,LY,clear sky
290,Souillac,-20.5167,57.5167,71.98,94,75,3.44,MU,broken clouds
291,Henties Bay,-22.116,14.2845,56.86,86,0,3.18,NA,clear sky
292,Vacha,55.8008,42.7706,43.14,95,91,12.21,RU,overcast clouds
293,Mut,36.6439,33.4389,53.46,65,1,3.51,TR,clear sky
294,San Patricio,28.017,-97.5169,72.84,28,0,7.23,US,clear sky
295,Dudinka,69.4058,86.1778,20.73,95,100,12.28,RU,light snow
296,Beyneu,45.3167,55.2,52.0,45,99,5.99,KZ,overcast clouds
297,Tommot,58.9564,126.2925,20.8,72,100,9.35,RU,overcast clouds
298,Progreso,21.2833,-89.6667,75.31,57,35,11.86,MX,scattered clouds
299,Yar-Sale,66.8333,70.8333,13.1,91,100,22.03,RU,overcast clouds
300,Ushtobe,45.2514,77.9838,45.27,80,34,5.79,KZ,scattered clouds
301,Havoysund,70.9963,24.6622,40.08,71,100,30.78,NO,overcast clouds
302,Talaya,61.3833,152.75,5.97,89,55,3.02,RU,broken clouds
303,Chokurdakh,70.6333,147.9167,-14.4,99,100,2.37,RU,overcast clouds
304,Devils Lake,48.1128,-98.8651,53.58,56,1,8.01,US,clear sky
305,Havelock,34.8791,-76.9013,67.95,74,3,1.99,US,clear sky
306,Beringovskiy,63.05,179.3167,16.47,93,100,3.24,RU,light snow
307,Te Anau,-45.4167,167.7167,67.05,50,91,7.9,NZ,overcast clouds
308,Port Lincoln,-34.7333,135.8667,59.54,49,24,7.58,AU,few clouds
309,Fairlie,55.756,-4.8556,49.23,94,100,1.99,GB,light rain
310,Kununurra,-15.7667,128.7333,93.18,52,9,9.22,AU,clear sky
311,Timmins,48.4669,-81.3331,40.82,87,40,2.3,CA,scattered clouds
312,Mancio Lima,-7.6142,-72.8958,71.83,97,11,2.24,BR,few clouds
313,Lively,46.4334,-81.1498,47.21,85,65,6.8,CA,broken clouds
314,Alyangula,-13.8483,136.4192,89.47,66,75,8.05,AU,broken clouds
315,Muisne,0.6,-80.0333,75.2,81,68,8.59,EC,broken clouds
316,Cabo San Lucas,22.8909,-109.9124,80.06,69,1,9.22,MX,clear sky
317,Kuloy,61.0305,42.4925,44.46,89,100,10.22,RU,overcast clouds
318,Tsagan Aman,47.5639,46.7218,38.7,93,5,7.16,RU,clear sky
319,Upernavik,72.7868,-56.1549,19.24,61,0,7.65,GL,clear sky
320,Bisauli,28.3167,78.9333,66.92,66,0,4.81,IN,clear sky
321,Aykhal,66.0,111.5,4.48,96,100,9.33,RU,overcast clouds
322,Kalmunai,7.4167,81.8167,80.26,81,100,3.0,LK,overcast clouds
323,Cap Malheureux,-19.9842,57.6142,72.09,91,44,1.01,MU,scattered clouds
324,Pearl,32.2746,-90.132,55.54,86,75,6.91,US,broken clouds
325,Jining,35.405,116.5814,69.01,1,0,6.2,CN,clear sky
326,Novaya Zaimka,56.4857,66.9241,22.71,75,100,10.47,RU,overcast clouds
327,Yulara,-25.2406,130.9889,67.84,32,90,12.66,AU,heavy intensity rain
328,Sibolga,1.7427,98.7792,83.05,71,100,0.38,ID,overcast clouds
329,Vila Velha,-20.3297,-40.2925,73.35,88,90,12.66,BR,light intensity drizzle
330,Kichera,55.9375,110.0997,23.2,64,98,1.43,RU,overcast clouds
331,Ibiruba,-28.6275,-53.0897,65.41,88,51,7.56,BR,light rain
332,Buenos Aires,-34.6132,-58.3772,75.97,79,0,11.5,AR,clear sky
333,Dali,25.7,100.1833,61.7,75,2,2.26,CN,clear sky
334,Saldanha,-33.0117,17.9442,57.25,91,0,8.14,ZA,clear sky
335,Kamaishi,39.2667,141.8833,50.95,60,1,4.47,JP,clear sky
336,Marawi,7.9986,124.2928,73.65,66,67,3.83,PH,broken clouds
337,Calvinia,-31.4707,19.776,53.76,71,0,2.57,ZA,clear sky
338,Waldoboro,44.0954,-69.3756,47.35,93,3,3.58,US,clear sky
339,New Richmond,45.123,-92.5366,49.46,87,0,0.0,US,clear sky
340,Mehamn,71.0357,27.8492,40.14,82,80,27.69,NO,broken clouds
341,Sinnamary,5.3833,-52.95,79.2,83,9,9.4,GF,clear sky
342,Quatre Cocos,-20.2078,57.7625,71.71,82,59,4.56,MU,broken clouds
343,Kannangad,12.3081,75.1063,78.1,87,100,4.72,IN,overcast clouds
344,Roseland,38.4221,-122.728,70.43,79,75,4.0,US,broken clouds
345,Russell,32.3502,-85.1999,53.2,78,90,6.91,US,overcast clouds
346,Warmbad,-28.45,18.7333,61.97,55,0,4.79,NA,clear sky
347,Hrinova,48.5779,19.5257,43.61,53,3,3.67,SK,clear sky
348,Crib Point,-38.35,145.2,61.86,68,82,18.48,AU,broken clouds
349,Mogadishu,2.0371,45.3438,78.22,79,10,7.85,SO,clear sky
350,La Asuncion,11.0333,-63.8628,89.33,62,54,12.66,VE,broken clouds
351,Colborne,44.0001,-77.8828,49.71,80,100,15.95,CA,overcast clouds
352,Rundu,-17.9333,19.7667,73.27,64,98,4.38,NA,overcast clouds
353,Kongolo,-5.3833,27.0,68.07,97,95,2.08,CD,overcast clouds
354,Krasnoselkup,65.7,82.4667,15.69,94,100,8.77,RU,overcast clouds
355,Salisbury,51.0693,-1.7957,56.52,87,20,13.8,GB,few clouds
356,Honningsvag,70.9821,25.9704,42.31,72,93,29.95,NO,light rain
357,Rudnyy,52.9594,63.1206,14.23,57,67,3.27,KZ,broken clouds
358,Yishui,35.7847,118.6281,63.25,60,0,5.61,CN,clear sky
359,Tiznit,29.5833,-9.5,60.51,72,63,1.86,MA,broken clouds
360,Mattawa,46.7379,-119.9028,53.85,54,0,23.0,US,clear sky
361,Dauphin,51.1494,-100.0502,44.74,70,90,9.22,CA,heavy intensity rain
362,Kjollefjord,70.9457,27.3465,40.41,80,90,28.19,NO,overcast clouds
363,Mitu,1.1983,-70.1733,71.13,98,18,1.41,CO,few clouds
364,Abeche,13.8292,20.8324,76.57,20,99,9.53,TD,overcast clouds
365,Komsomolskiy,40.4272,71.7189,42.22,81,0,2.3,UZ,mist
366,Arman,59.7,150.1667,26.89,54,1,6.02,RU,clear sky
367,Oranjestad,12.524,-70.027,82.35,83,20,12.66,AW,few clouds
368,Yeppoon,-23.1333,150.7333,89.38,57,11,14.32,AU,few clouds
369,Suntar,62.1444,117.6319,16.63,79,77,4.05,RU,broken clouds
370,Balikpapan,-1.2675,116.8289,76.19,94,40,0.0,ID,heavy intensity rain
371,Mantes-La-Ville,48.9737,1.7025,56.25,92,100,11.07,FR,overcast clouds
372,Son La,21.3167,103.9,68.52,94,96,3.0,VN,overcast clouds
373,Mount Gambier,-37.8333,140.7667,57.11,54,75,12.66,AU,broken clouds
374,Kahramanmaras,38.0,37.0,41.63,92,6,1.72,TR,clear sky
375,Shchigry,51.8755,36.9043,30.02,91,23,6.78,RU,few clouds
376,Auki,-8.7676,160.7034,87.69,62,100,4.32,SB,overcast clouds
377,Vilhena,-12.7406,-60.1458,69.6,88,100,3.56,BR,overcast clouds
378,Ponta Delgada,37.7333,-25.6667,73.51,88,75,21.85,PT,broken clouds
379,Sur,22.5667,59.5289,76.95,49,26,3.42,OM,scattered clouds
380,Grand Forks,47.9417,-97.4337,48.13,69,1,11.5,US,clear sky
381,Khakhea,-24.6895,23.494,66.69,78,0,5.99,BW,clear sky
382,Vallenar,-28.5708,-70.7581,67.05,55,0,1.97,CL,clear sky
383,Robertsport,6.7533,-11.3686,76.6,89,100,6.04,LR,moderate rain
384,Mercedes,-34.6515,-59.4307,74.17,76,5,9.8,AR,clear sky
385,Fuente De Oro,3.4594,-73.6128,71.85,95,81,2.08,CO,broken clouds
386,Mosquera,4.7059,-74.2302,57.29,82,40,8.05,CO,moderate rain
387,Beroroha,-21.6667,45.1667,65.71,64,5,4.68,MG,clear sky
388,Aflao,6.116,1.1914,82.53,83,40,8.05,TG,light rain
389,Novo Aripuana,-5.1206,-60.3797,76.96,81,42,2.59,BR,scattered clouds
390,Labuhan,-6.8844,112.2051,86.43,66,89,4.25,ID,overcast clouds
391,Kenai,60.5544,-151.2583,34.03,93,90,16.11,US,light snow
392,Chitral,35.8462,71.7858,48.51,41,0,6.98,PK,clear sky
393,Tukan,53.8409,57.4552,24.91,72,100,3.91,RU,light snow
394,Vanavara,60.34,102.2797,30.61,73,100,8.9,RU,overcast clouds
395,Lata,40.1629,-8.3327,68.04,97,100,10.54,PT,moderate rain
396,Iracoubo,5.4802,-53.2011,79.59,81,7,9.31,GF,clear sky
397,Rocha,-34.4833,-54.3333,61.68,97,8,11.1,UY,clear sky
398,Papara,-3.9839,-38.7273,79.68,85,45,4.14,BR,scattered clouds
399,Chapais,49.7834,-74.8492,40.78,71,100,3.42,CA,overcast clouds
400,Asfi,32.2994,-9.2372,63.73,78,92,3.42,MA,overcast clouds
401,Palana,59.1167,159.9667,32.34,93,100,21.92,RU,light snow
402,Narsaq,60.9167,-46.05,26.82,80,69,3.2,GL,broken clouds
403,Koslan,63.4564,48.8989,31.48,97,100,6.71,RU,overcast clouds
404,Champerico,14.3,-91.9167,83.35,75,13,4.38,GT,few clouds
405,Bagotville,-28.9833,153.4167,84.22,56,27,10.33,AU,scattered clouds
406,La Peca,-5.6111,-78.435,67.78,87,59,3.56,PE,broken clouds
407,Boma,7.0805,-2.1697,70.88,99,71,2.37,GH,broken clouds
408,Kemin,42.7846,75.6892,36.09,76,13,5.79,KG,few clouds
409,Batticaloa,7.7102,81.6924,80.69,80,94,3.31,LK,overcast clouds
410,Zhezkazgan,47.8043,67.7144,39.87,59,100,7.72,KZ,overcast clouds
411,Khorramshahr,30.4397,48.1664,78.76,89,20,4.61,IR,mist
412,Purranque,-40.9167,-73.1667,51.13,88,89,6.17,CL,overcast clouds
413,Karpogory,64.0019,44.4451,37.36,100,100,8.59,RU,overcast clouds
414,Nyakabindi,-2.6333,33.9833,72.14,54,86,5.5,TZ,overcast clouds
415,Sorland,67.667,12.6934,46.08,77,100,23.69,NO,overcast clouds
416,Kwinana,-32.25,115.7667,70.18,42,0,2.8,AU,clear sky
417,Ilebo,-4.3167,20.5833,69.46,93,100,1.97,CD,overcast clouds
418,Svetlogorsk,52.6333,29.7333,43.92,92,14,8.03,BY,few clouds
419,Susono,35.2184,138.8817,63.32,53,4,4.45,JP,clear sky
420,Gewane,10.1664,40.6453,73.18,37,3,1.95,ET,clear sky
421,Natal,-5.795,-35.2094,77.65,88,40,13.8,BR,scattered clouds
422,Coquimbo,-29.9533,-71.3436,55.13,87,0,8.05,CL,clear sky
423,Roma,43.2128,-75.4557,52.38,59,100,7.0,US,overcast clouds
424,Kudahuvadhoo,2.6708,72.8944,82.42,75,98,11.07,MV,overcast clouds
425,Griffith,41.5284,-87.4237,55.4,96,90,1.01,US,overcast clouds
426,Jinchang,38.4953,102.1739,48.38,28,6,2.73,CN,clear sky
427,Plock,52.5468,19.7064,44.56,58,34,7.65,PL,scattered clouds
428,Llaillay,-32.85,-70.9667,72.72,58,0,1.45,CL,clear sky
429,Sabha,27.0377,14.4283,67.62,33,100,6.69,LY,overcast clouds
430,San Juan,-31.5375,-68.5364,80.82,33,73,5.75,AR,broken clouds
431,Normandin,48.8333,-72.5321,38.82,93,69,2.3,CA,broken clouds
432,Kifri,34.6959,44.9661,69.51,50,45,9.51,IQ,scattered clouds
433,Paamiut,61.994,-49.6678,30.69,80,98,5.82,GL,overcast clouds
434,Tahe,52.3333,124.7333,28.8,34,6,7.94,CN,clear sky
435,Matagami,49.7502,-77.6328,32.11,93,1,3.44,CA,clear sky
436,Cidreira,-30.1811,-50.2056,68.09,89,99,21.59,BR,overcast clouds
437,Novyy Urengoy,66.0833,76.6333,6.1,99,90,5.21,RU,overcast clouds
438,Abalak,58.1286,68.5944,20.32,78,37,9.48,RU,scattered clouds
439,Bowen,-20.0167,148.2333,89.82,67,4,9.26,AU,clear sky
440,Moron,-34.6534,-58.6198,75.99,77,10,10.0,AR,clear sky
441,Barstow,34.8986,-117.0228,79.79,26,11,1.81,US,few clouds
442,Maloy,61.9353,5.1136,55.13,72,100,16.24,NO,overcast clouds
443,Ondjiva,-17.0667,15.7333,68.38,70,33,4.0,AO,light rain
444,Tabuk,17.4189,121.4443,80.1,72,39,2.71,PH,scattered clouds
445,Palauig,15.435,119.9045,84.81,59,100,2.73,PH,overcast clouds
446,Dulce Nombre De Culmi,15.1,-85.5333,82.63,96,83,3.65,HN,light rain
447,Kushmurun,52.4503,64.6311,31.82,54,93,3.4,KZ,overcast clouds
448,Irun,43.339,-1.7894,66.11,69,0,11.5,ES,clear sky
449,Penzance,50.1186,-5.5371,54.28,85,100,16.28,GB,overcast clouds
450,Maxixe,-23.8597,35.3472,66.78,76,11,7.49,MZ,few clouds
451,Mao,39.8885,4.2658,68.56,73,75,14.97,ES,broken clouds
452,Sal Rei,16.1833,-22.9167,77.56,80,100,14.34,CV,overcast clouds
453,Zharkent,44.1628,80.0,43.3,91,100,3.78,KZ,light rain
454,Avera,33.194,-82.5271,57.07,75,66,6.73,US,broken clouds
455,Najran,17.4924,44.1277,61.45,36,0,2.53,SA,clear sky
456,Saint Anthony,45.0205,-93.218,49.93,81,1,0.0,US,clear sky
457,Chambery,45.5667,5.9333,54.9,87,0,2.3,FR,clear sky
458,Ewa Beach,21.3156,-158.0072,86.02,55,20,10.0,US,few clouds
459,Bafq,31.6128,55.4107,59.47,27,0,0.54,IR,clear sky
460,Walvis Bay,-22.9575,14.5053,57.09,100,0,10.36,NA,clear sky
461,Kloulklubed,7.0419,134.2556,85.37,75,100,15.17,PW,overcast clouds
462,Sobolevo,54.4299,31.8996,44.89,95,78,9.42,RU,broken clouds
463,Santa Cruz Del Norte,23.1539,-81.9236,77.74,67,78,13.65,CU,broken clouds
464,Pimenta Bueno,-11.6725,-61.1936,73.65,92,22,2.15,BR,few clouds
465,Geghamasar,40.3109,45.6792,35.4,97,100,6.91,AM,overcast clouds
466,Half Moon Bay,37.4636,-122.4286,73.31,84,90,3.0,US,fog
467,Galesong,-5.3166,119.3661,86.02,70,92,3.42,ID,overcast clouds
468,Zaltan,32.947,11.8665,66.96,65,1,10.13,LY,clear sky
469,Strezhevoy,60.7333,77.5889,19.38,88,100,17.43,RU,overcast clouds
470,Nelson Bay,-32.7167,152.15,67.1,63,100,4.0,AU,overcast clouds
471,Bubaque,11.2833,-15.8333,82.51,72,100,10.36,GW,light rain
472,Nicoya,10.1483,-85.452,72.95,94,100,2.33,CR,overcast clouds
473,Arvika,59.6553,12.5852,48.9,97,95,4.14,SE,overcast clouds
474,Smithers,54.7804,-127.1743,34.12,80,40,2.3,CA,scattered clouds
475,Vila,42.0304,-8.1588,54.73,93,100,8.46,PT,overcast clouds
476,Lere,10.387,8.5726,68.49,30,100,2.75,NG,overcast clouds
477,Manitouwadge,49.1215,-85.8403,45.32,84,91,6.35,CA,overcast clouds
478,Along,28.1667,94.7667,68.68,53,3,0.94,IN,clear sky
479,Izhma,65.0083,53.9113,23.56,96,100,6.96,RU,snow
480,Zhigansk,66.7697,123.3711,-8.09,100,99,3.53,RU,overcast clouds
481,Sagvag,59.7786,5.3961,55.44,83,100,33.17,NO,overcast clouds
482,Diamantino,-14.4086,-56.4461,76.6,73,97,1.72,BR,overcast clouds
483,Neryungri,56.6709,124.6491,16.07,71,12,4.41,RU,few clouds
484,Treinta Y Tres,-33.2333,-54.3833,62.2,92,0,13.11,UY,clear sky
485,Saint-Francois,46.4154,3.9054,60.24,66,0,17.27,FR,clear sky
486,Staunton,38.1496,-79.0717,56.95,78,90,1.01,US,overcast clouds
487,Puerto Penasco,31.3167,-113.5333,74.91,73,0,6.11,MX,clear sky
488,Aginskoye,51.1,114.53,29.07,32,0,4.54,RU,clear sky
489,Rio Gallegos,-51.6226,-69.2181,44.65,45,0,13.8,AR,clear sky
490,Delaware,39.0004,-75.4999,66.18,99,40,1.01,US,scattered clouds
491,Cuddapah,14.4667,78.8167,76.89,83,100,1.57,IN,overcast clouds
492,Kijang,35.2442,129.2139,58.73,58,100,6.11,KR,moderate rain
493,Walla Walla,46.0646,-118.343,56.08,80,75,3.0,US,broken clouds
494,Tabory,58.5198,64.5495,20.98,77,91,7.81,RU,overcast clouds
495,Kerema,-7.9631,145.7785,83.5,75,97,6.91,PG,overcast clouds
496,Moussoro,13.6408,16.4901,81.63,13,100,9.71,TD,overcast clouds
497,Sagaing,21.8787,95.9797,78.98,94,40,2.3,MM,scattered clouds
498,Lorengau,-2.0226,147.2712,83.91,74,95,5.35,PG,overcast clouds
499,Da Nang,16.0678,108.2208,78.78,89,75,1.14,VN,broken clouds
500,Matay,28.419,30.7792,73.67,60,100,6.42,EG,overcast clouds
501,Rafai,4.95,23.9167,69.6,97,100,1.07,CF,overcast clouds
502,Bahia Blanca,-38.7196,-62.2724,80.28,32,59,15.57,AR,broken clouds
503,Bayir,37.2687,28.2167,43.32,65,0,1.97,TR,clear sky
504,Denizli,37.8402,29.0698,49.05,59,1,2.13,TR,clear sky
505,San Matias,-16.3667,-58.4,76.01,80,100,2.64,BO,overcast clouds
506,Aloleng,16.1307,119.7824,84.22,61,99,6.13,PH,overcast clouds
507,Praia Da Vitoria,38.7333,-27.0667,71.85,88,40,16.06,PT,scattered clouds
508,Roald,62.5833,6.1333,57.34,54,90,11.5,NO,overcast clouds
509,Alice Springs,-23.7,133.8833,76.55,20,98,17.27,AU,overcast clouds
510,Makokou,0.5738,12.8642,68.58,99,99,1.12,GA,overcast clouds
511,Ostrovnoy,68.0531,39.5131,36.52,86,100,18.28,RU,overcast clouds
512,Sambava,-14.2667,50.1667,73.09,89,100,8.16,MG,overcast clouds
513,Novobirilyussy,56.9514,90.6661,36.64,66,100,15.17,RU,overcast clouds
514,Guerrero Negro,27.9769,-114.0611,68.65,72,0,9.62,MX,clear sky
515,Hobyo,5.3505,48.5268,80.28,71,65,8.52,SO,broken clouds
516,Sakaiminato,35.55,133.2333,58.98,72,75,1.14,JP,broken clouds
517,Iqaluit,63.7506,-68.5145,38.93,64,75,11.01,CA,broken clouds
518,Igbo Ora,7.4333,3.2833,74.3,95,98,3.76,NG,overcast clouds
519,Jinka,5.65,36.65,62.26,72,32,3.29,ET,scattered clouds
520,Abatskoye,56.2875,70.4555,22.64,73,12,10.76,RU,few clouds
521,Mandalgovi,45.7625,106.2708,29.62,80,23,5.28,MN,few clouds
522,Verkhnevilyuysk,63.4453,120.3167,9.34,81,12,3.6,RU,few clouds
523,Hereford,52.0568,-2.7148,53.91,66,100,1.01,GB,overcast clouds
524,La Reforma,25.0833,-108.05,82.69,69,0,3.42,MX,clear sky
525,San Quintin,30.4833,-115.95,65.43,80,0,4.81,MX,clear sky
526,Neuquen,-38.9516,-68.0591,78.69,24,0,93.21,AR,clear sky
527,San Policarpo,12.1791,125.5072,83.21,77,15,13.65,PH,few clouds
528,Menongue,-14.6585,17.691,64.72,88,96,2.64,AO,light rain
529,Mezhdurechensk,53.6942,88.0603,39.72,76,100,7.43,RU,overcast clouds
530,Capim Grosso,-11.3811,-40.0128,69.13,70,13,7.45,BR,few clouds
531,Bundaberg,-24.85,152.35,89.22,63,40,8.99,AU,scattered clouds
532,Wewak,-3.5534,143.6268,85.89,70,69,6.85,PG,broken clouds
533,Rudnaya Pristan,44.3614,135.8116,52.54,43,100,4.32,RU,overcast clouds
534,Mananara,-16.1667,49.7667,70.93,86,95,4.61,MG,overcast clouds
535,Mitchell,43.7094,-98.0298,49.1,58,1,5.01,US,clear sky
536,Marietta,33.9526,-84.5499,51.48,95,90,6.91,US,mist
537,Hovd,48.0056,91.6419,34.32,43,6,5.26,MN,clear sky
538,Puerto Montt,-41.4698,-72.9447,49.03,93,75,6.91,CL,broken clouds
539,Portland,45.5234,-122.6762,53.55,81,20,1.01,US,few clouds
540,Meylan,45.2199,5.7901,64.53,62,100,5.28,FR,overcast clouds
541,Tutoia,-2.7619,-42.2744,77.5,86,60,6.85,BR,broken clouds
542,Morant Bay,17.8815,-76.4093,83.82,86,42,6.67,JM,scattered clouds
543,Hermiston,45.8404,-119.2895,56.28,70,20,6.91,US,few clouds
544,Ucluelet,48.9329,-125.5528,46.71,81,4,5.08,CA,clear sky
545,Gandorhun,7.5,-11.8333,73.0,98,100,0.38,SL,moderate rain
546,Boralday,43.3578,76.8594,40.86,93,75,0.0,KZ,mist
547,Uvalde,29.3669,-99.767,63.19,39,1,0.0,US,clear sky
548,Fairbanks,64.8378,-147.7164,19.74,90,90,4.61,US,overcast clouds
549,Solyanka,46.3889,48.0176,46.35,81,75,4.47,RU,broken clouds
550,Geraldton,-28.7667,114.6,77.41,25,0,10.36,AU,clear sky
551,Yeniseysk,58.4497,92.1703,35.96,72,100,11.52,RU,overcast clouds
552,Nishiwaki,34.9833,134.9667,65.05,49,27,2.37,JP,scattered clouds
553,Padang,-0.9492,100.3543,80.65,75,74,1.88,ID,broken clouds
554,Uyuni,-20.4597,-66.825,49.66,22,0,1.43,BO,clear sky
555,Bontang,0.1333,117.5,79.5,85,100,5.26,ID,heavy intensity rain
556,Talnakh,69.4865,88.3972,18.18,95,100,8.7,RU,light snow
557,Tirumullaivasal,11.2333,79.8333,81.12,81,100,10.09,IN,overcast clouds
558,Atamanovka,51.93,113.63,18.03,37,0,1.83,RU,clear sky
559,Puerto Boyaca,5.9758,-74.5885,73.04,96,100,1.03,CO,overcast clouds
560,Bellefontaine,40.3612,-83.7597,54.52,100,75,6.91,US,broken clouds
561,Uyemskiy,64.4743,40.8524,37.45,100,90,11.18,RU,light intensity shower rain
562,Anchorage,61.2181,-149.9003,35.67,82,90,3.0,US,shower rain
563,Carupano,10.6678,-63.2585,76.78,90,64,7.2,VE,broken clouds
564,Lethem,3.3803,-59.7968,80.64,65,67,2.86,GY,broken clouds
565,Albertville,34.2676,-86.2089,53.47,85,90,4.61,US,overcast clouds
566,Vestmannaeyjar,63.4427,-20.2734,45.72,83,87,14.03,IS,overcast clouds
567,Gandu,-13.7439,-39.4867,66.58,99,32,2.06,BR,scattered clouds
568,Pyrzyce,53.1462,14.8926,47.17,68,67,8.66,PL,broken clouds
569,Pascagoula,30.3658,-88.5561,59.05,73,90,5.75,US,overcast clouds
570,Fort Nelson,58.8053,-122.7002,29.79,69,1,2.3,CA,clear sky
571,Cooma,-36.2333,149.1333,51.57,50,16,9.22,AU,few clouds
572,La Sarre,48.8002,-79.1996,40.06,77,100,4.43,CA,overcast clouds
573,Hirado,33.3597,129.5531,63.75,52,100,3.11,JP,overcast clouds
574,Bambanglipuro,-7.95,110.2833,83.05,74,100,7.94,ID,light rain
575,Severnyy,50.677,36.5532,39.24,87,10,6.71,RU,clear sky
576,Bud,39.447,-86.1758,55.81,96,100,10.58,US,moderate rain
577,Mashhad,36.297,59.6062,42.94,65,0,0.0,IR,clear sky
578,Peniche,39.3558,-9.3811,70.61,94,100,24.7,PT,light rain
579,Ardakan,32.31,54.0175,55.78,34,8,3.6,IR,clear sky
580,Owensboro,37.7742,-87.1133,58.01,88,90,9.22,US,overcast clouds
581,Les Cayes,18.2,-73.75,77.72,83,16,3.04,HT,few clouds
582,Lahaina,20.8783,-156.6825,84.2,77,57,4.97,US,broken clouds
583,Bac,45.3919,19.2367,32.0,66,0,7.2,RS,clear sky
584,Pringsewu,-5.3582,104.9744,84.0,73,78,2.62,ID,broken clouds
585,Burtunay,42.9886,46.6303,36.72,90,92,2.28,RU,overcast clouds
586,Farmington,36.7281,-108.2187,60.19,42,1,4.61,US,clear sky
587,Gidam,18.9833,81.4,72.5,83,100,3.11,IN,overcast clouds
588,Sola,-13.8833,167.55,82.18,69,61,14.34,VU,broken clouds
589,Panzhihua,26.5851,101.7128,61.36,86,100,0.56,CN,overcast clouds
590,Zamora,-4.0692,-78.9567,66.69,96,99,1.95,EC,overcast clouds
591,Vanimo,-2.6741,141.3028,87.06,66,100,6.67,PG,overcast clouds
592,Semey,50.4111,80.2275,28.62,86,0,8.95,KZ,clear sky
593,Bonoua,5.2741,-3.595,80.22,91,100,5.97,CI,light rain
594,Raahe,64.6833,24.4833,48.0,95,99,10.6,FI,overcast clouds
595,Lashio,22.9333,97.75,68.56,92,30,0.65,MM,scattered clouds
596,Belaya Gora,68.5333,146.4167,6.35,93,100,6.51,RU,overcast clouds
597,Raudeberg,61.9875,5.1352,54.27,72,100,16.69,NO,overcast clouds
598,Qasigiannguit,68.8193,-51.1922,25.05,92,100,5.88,GL,overcast clouds
599,Marsh Harbour,26.5412,-77.0636,79.0,82,92,14.09,BS,overcast clouds
600,Ola,59.5833,151.2833,29.03,70,18,3.65,RU,few clouds
601,Lubango,-14.9172,13.4925,63.16,56,100,1.14,AO,overcast clouds
602,Santiago,-33.4569,-70.6483,74.86,37,0,9.22,CL,clear sky
603,Miles City,46.4083,-105.8406,59.97,47,1,6.91,US,clear sky
604,Bereda,43.2686,-7.5406,56.14,83,100,3.22,ES,overcast clouds
605,Grand-Bourg,15.8835,-61.3148,75.15,68,3,10.85,GP,clear sky
606,Castanos,26.7833,-101.4167,63.77,32,0,2.01,MX,clear sky
607,Luang Prabang,19.8856,102.1347,75.16,73,90,2.3,LA,mist
608,Petropavlovsk-Kamchatskiy,53.0452,158.6483,43.39,57,0,6.71,RU,clear sky
609,Kirakira,-10.4544,161.9205,87.17,67,47,14.18,SB,scattered clouds
610,Mackenzie,55.2999,-123.1698,28.62,69,1,0.0,CA,clear sky
611,Benghazi,32.1167,20.0667,70.07,70,4,11.16,LY,clear sky
612,Krasnogvardeyskoye,45.8456,41.5186,41.47,92,0,7.65,RU,clear sky
613,Las Palmas,28.4204,-14.0131,63.39,77,0,6.91,ES,clear sky
614,Ivanovka,42.8878,75.085,34.23,68,2,4.12,KG,clear sky
615,Niquero,20.0431,-77.5828,80.26,83,53,11.88,CU,broken clouds
616,Hay River,60.8156,-115.7999,33.78,93,90,12.66,CA,light snow
617,Honiara,-9.4333,159.95,87.98,68,52,10.11,SB,light rain
618,Rapid Valley,44.0625,-103.1463,66.04,46,1,1.01,US,smoke
619,Lima,-12.0432,-77.0282,63.9,80,75,13.8,PE,broken clouds
620,Baykit,61.67,96.37,26.47,96,100,4.97,RU,overcast clouds
621,Mozhga,56.4447,52.2276,31.23,93,100,13.91,RU,light snow
622,Jalu,29.0331,21.5482,66.58,74,0,8.59,LY,clear sky
623,Klyuchi,52.2667,79.1667,38.1,56,100,12.19,RU,overcast clouds
624,Edgewater,28.9889,-80.9023,69.82,94,40,5.75,US,scattered clouds
625,Caraballeda,10.6112,-66.8522,79.38,89,84,4.61,VE,broken clouds
626,Ures,29.4333,-110.4,79.09,22,0,3.91,MX,clear sky
627,Jacareacanga,-6.2222,-57.7528,72.25,97,89,2.28,BR,overcast clouds
628,Borogontsy,62.6683,131.1683,10.24,88,98,8.01,RU,overcast clouds
629,Muros,42.7762,-9.0603,60.24,95,100,7.25,ES,overcast clouds
630,Ekhabi,53.5102,142.9671,39.92,81,90,13.85,RU,overcast clouds
631,Hinche,19.15,-72.0167,80.02,81,25,0.92,HT,scattered clouds
632,Luganville,-15.5333,167.1667,84.43,68,23,10.22,VU,few clouds
633,Verkhoyansk,67.5447,133.385,9.88,94,97,3.22,RU,overcast clouds
634,Kerman,30.2832,57.0788,42.66,36,0,4.61,IR,clear sky
635,Shenjiamen,29.9576,122.298,66.61,67,41,12.84,CN,scattered clouds
636,Elizabethton,36.3487,-82.2107,54.16,73,90,0.0,US,mist
637,Gravdal,68.1214,13.5031,44.28,79,100,13.98,NO,light rain
638,Camacha,33.0833,-16.3333,67.42,83,20,12.66,PT,few clouds
639,Kulhudhuffushi,6.6221,73.07,81.61,70,100,6.89,MV,overcast clouds
640,Mount Isa,-20.7333,139.5,74.97,41,40,5.75,AU,scattered clouds
641,Mayo,38.8876,-76.5119,61.41,94,90,4.0,US,overcast clouds
642,Barcelos,41.5388,-8.6151,63.28,94,100,5.84,PT,overcast clouds
643,Quartucciu,39.2519,9.1794,56.01,88,0,4.61,IT,clear sky
644,Beterou,9.1992,2.2586,75.45,79,81,3.76,BJ,broken clouds
645,Buritis,-15.6178,-46.4233,77.7,53,58,2.13,BR,broken clouds
646,Tiarei,-17.5333,-149.3333,82.42,72,14,14.2,PF,few clouds
647,Korla,41.7597,86.1469,51.19,36,100,5.53,CN,overcast clouds
648,Arkadak,51.9326,43.4978,37.22,90,12,7.38,RU,few clouds
649,Kashan,33.9831,51.4364,57.22,53,100,4.88,IR,overcast clouds
650,Flin Flon,54.7682,-101.865,36.79,68,98,4.85,CA,overcast clouds
651,Port Blair,11.6667,92.75,78.84,89,75,0.0,IN,broken clouds
652,Saint-Georges,12.0564,-61.7485,78.48,83,20,8.05,GD,few clouds
653,Sangar,63.9242,127.4739,-0.49,99,100,3.62,RU,overcast clouds
654,Hongjiang,27.11,109.9956,63.5,81,65,1.68,CN,broken clouds
655,Nalut,30.3333,10.85,64.9,43,0,5.03,LY,clear sky
656,Padrauna,26.9025,83.9819,69.96,77,1,4.85,IN,clear sky
657,Kant,27.8,79.8,68.11,67,0,4.03,IN,clear sky
658,Sokoni,-6.4333,39.55,78.98,77,63,7.96,TZ,broken clouds
659,Batemans Bay,-35.7167,150.1833,66.99,36,72,9.13,AU,broken clouds
660,Bundi,25.4417,75.6417,68.14,48,1,1.83,IN,clear sky
661,Tortoli,39.9256,9.6572,57.02,77,40,8.05,IT,scattered clouds
662,Ivdel,60.6911,60.4206,22.24,76,100,5.86,RU,overcast clouds
663,Kavaratti,10.5669,72.642,81.93,72,100,4.43,IN,overcast clouds
664,Seara,41.1818,-7.8003,58.95,90,100,9.98,PT,overcast clouds
665,Pacifica,37.6138,-122.4869,73.13,88,40,1.01,US,fog
666,Tonstad,58.6626,6.7169,52.36,93,100,9.98,NO,overcast clouds
667,Tautira,-17.7333,-149.15,82.42,75,59,13.06,PF,broken clouds
668,Mtwara,-10.2667,40.1833,72.66,83,82,5.64,TZ,broken clouds
669,Lucapa,-8.4192,20.7447,65.57,97,100,1.83,AO,overcast clouds
670,Mutoko,-17.397,32.2268,57.2,67,10,0.4,ZW,clear sky
671,Pangai,-19.8,-174.35,80.71,61,75,17.27,TO,broken clouds
672,Digha,21.6833,87.55,76.12,79,6,9.71,IN,clear sky
673,Xingyi,24.1877,102.817,58.69,93,100,3.2,CN,light rain
674,Foki,56.693,54.3499,27.79,81,100,12.64,RU,snow
675,Goderich,43.7501,-81.7165,50.92,81,100,10.36,CA,overcast clouds
676,Prince Rupert,54.3161,-130.3201,44.29,76,46,11.5,CA,scattered clouds
677,Pakxan,18.3778,103.6601,80.13,69,44,3.27,LA,scattered clouds
678,Nyimba,-14.5566,30.8149,65.08,52,50,3.98,ZM,scattered clouds
679,Lasa,46.6166,10.7002,43.68,48,75,4.7,IT,broken clouds
680,Ferme-Neuve,46.7001,-75.4493,40.78,74,32,3.8,CA,scattered clouds
681,Binabalian,16.4202,119.9279,81.57,71,100,8.59,PH,overcast clouds
682,Talavera De La Reina,39.9635,-4.8308,63.82,87,100,28.52,ES,light rain
683,Turbat,26.0023,63.044,76.95,22,0,10.51,PK,clear sky
684,Elverum,60.8819,11.5623,49.59,94,100,6.55,NO,overcast clouds
685,Nishihara,26.1842,127.7558,78.46,61,75,5.75,JP,broken clouds
686,Belozerskoye,55.8214,65.5842,23.74,66,100,8.3,RU,overcast clouds
